vehicle_id,original_cost,new_cost,detour_factor
v4,59.96452913064866,25.920572958118356,0.4322650962812282
v4,25.920572958118356,59.96452913064866,2.313395202626788
v4,59.96452913064866,25.920572958118356,0.4322650962812282
