vehicle_id,base_cost,penalty_cost,penalty_share
v9,13.579503149907648,0.0,0.0
v9,13.579503149907648,0.0,0.0
v9,114.92510923709992,200.0,0.6350716222167746
v9,13.579503149907648,0.0,0.0
v9,135.20143975977973,200.0,0.5966561484441382
v9,135.20143975977973,200.0,0.5966561484441382
v9,135.20143975977973,200.0,0.5966561484441382
v9,135.20143975977973,200.0,0.5966561484441382
v9,90.72093004684633,200.0,0.6879449648423054
