vehicle_id,base_cost,penalty_cost,penalty_share
v9,4.789507960091051,0.0,0.0
v9,4.789507960091051,0.0,0.0
v9,4.789507960091051,0.0,0.0
v9,4.789507960091051,0.0,0.0
v9,4.789507960091051,0.0,0.0
v9,4.789507960091051,0.0,0.0
v9,4.789507960091051,0.0,0.0
v9,4.789507960091051,0.0,0.0
v9,4.789507960091051,0.0,0.0
