vehicle_id,base_cost,penalty_cost,penalty_share
v9,13.579503149907648,0.0,0.0
v9,13.579503149907648,0.0,0.0
v9,114.92510923709992,0.0,0.0
v9,13.579503149907648,0.0,0.0
v9,135.20143975977973,0.0,0.0
v9,135.20143975977973,0.0,0.0
v9,135.20143975977973,0.0,0.0
v9,135.20143975977973,0.0,0.0
v9,90.72093004684633,0.0,0.0
